DATE,FedInterestRate,Inflation,GDP,S&P500Close,UmemploymentRate,GovernmentDebtGDP,CorporateDebt,PoundDollar,DollarYen,SP5006monthslater
01/01/1971,4.14,0.053,1135.156,95.879997,0.059,0.34503,180555,2.4058,358.02,98.699997
01/02/1971,3.72,0.05,1135.156,96.75,0.059,0.34503,180555,2.4178,357.545,95.580002
01/03/1971,3.71,0.047,1135.156,100.309998,0.06,0.34503,180555,2.4187,357.5187,99.029999
01/04/1971,4.15,0.042,1156.271,103.949997,0.059,0.34361,184497,2.4179,357.5032,98.339996
01/05/1971,4.63,0.044,1156.271,99.629997,0.059,0.34361,184497,2.4187,357.413,94.230003
01/06/1971,4.91,0.046,1156.271,98.699997,0.059,0.34361,184497,2.4188,357.4118,93.989998
01/07/1971,5.31,0.044,1177.675,95.580002,0.06,0.35007,188691,2.4185,357.4043,102.089996
01/08/1971,5.56,0.046,1177.675,99.029999,0.061,0.35007,188691,2.4346,355.78,103.940002
01/09/1971,5.55,0.041,1177.675,98.339996,0.06,0.35007,188691,2.4694,338.021,106.57
01/10/1971,5.2,0.038,1190.297,94.230003,0.058,0.35632,191896,2.4896,331.1105,107.199997
01/11/1971,4.91,0.033,1190.297,93.989998,0.06,0.35632,191896,2.4933,328.752,107.669998
01/12/1971,4.14,0.033,1190.297,102.089996,0.06,0.35632,191896,2.5266,320.0727,109.529999
01/01/1972,3.5,0.033,1230.609,103.940002,0.058,0.34726,196002,2.5705,312.72,107.139999
01/02/1972,3.29,0.035,1230.609,106.57,0.057,0.34726,196002,2.6037,305.187,107.389999
01/03/1972,3.83,0.035,1230.609,107.199997,0.058,0.34726,196002,2.6181,302.5365,111.089996
01/04/1972,4.17,0.035,1266.369,107.669998,0.057,0.33674,200569,2.6102,303.5605,110.550003
01/05/1972,4.27,0.032,1266.369,109.529999,0.057,0.33674,200569,2.6124,304.3795,111.580002
01/06/1972,4.46,0.027,1266.369,107.139999,0.057,0.33674,200569,2.5691,302.4145,116.669998
01/07/1972,4.55,0.029,1290.566,107.389999,0.056,0.33624,203414,2.4447,301.0305,118.050003
01/08/1972,4.8,0.029,1290.566,111.089996,0.056,0.33624,203414,2.4502,301.1609,116.029999
01/09/1972,4.87,0.032,1290.566,110.550003,0.055,0.33624,203414,2.441,301.119,111.68
01/10/1972,5.04,0.034,1328.904,111.580002,0.056,0.33748,205352,2.3948,301.011,111.519997
01/11/1972,5.06,0.037,1328.904,116.669998,0.053,0.33748,205352,2.3515,300.9885,106.970001
01/12/1972,5.33,0.034,1328.904,118.050003,0.052,0.33748,205352,2.3449,301.2405,104.949997
01/01/1973,5.94,0.036,1377.49,116.029999,0.049,0.33293,206028,2.3563,301.7882,104.260002
01/02/1973,6.58,0.039,1377.49,111.68,0.05,0.33293,206028,2.4272,278.4206,108.220001
01/03/1973,7.09,0.046,1377.49,111.519997,0.049,0.33293,206028,2.4724,261.9014,104.25
01/04/1973,7.12,0.051,1413.887,106.970001,0.05,0.32345,209771,2.4837,265.4914,108.43
01/05/1973,7.84,0.055,1413.887,104.949997,0.049,0.32345,209771,2.5306,264.6505,108.290001
01/06/1973,8.49,0.06,1413.887,104.260002,0.049,0.32345,209771,2.5762,264.4981,95.959999
01/07/1973,10.4,0.057,1433.838,108.220001,0.048,0.32125,213220,2.5375,264.5538,97.550003
01/08/1973,10.5,0.074,1433.838,104.25,0.048,0.32125,213220,2.4757,265.22,96.57
01/09/1973,10.78,0.074,1433.838,108.43,0.048,0.32125,213220,2.4183,265.4747,96.220001
01/10/1973,10.01,0.078,1476.289,108.290001,0.046,0.31774,217721,2.4292,266.3348,93.980003
01/11/1973,10.03,0.083,1476.289,95.959999,0.048,0.31774,217721,2.387,278.2625,90.309998
01/12/1973,9.95,0.087,1476.289,97.550003,0.049,0.31774,217721,2.3174,280.1775,87.279999
01/01/1974,9.65,0.094,1491.209,96.57,0.051,0.31764,222690,2.224,298.1336,86
01/02/1974,8.97,0.1,1491.209,96.220001,0.052,0.31764,222690,2.2749,291.0872,79.309998
01/03/1974,9.35,0.104,1491.209,93.980003,0.051,0.31764,222690,2.3406,282.1648,72.150002
01/04/1974,10.51,0.101,1530.056,90.309998,0.051,0.30995,229232,2.3886,277.7741,63.540001
01/05/1974,11.31,0.107,1530.056,87.279999,0.051,0.30995,229232,2.4137,278.9664,73.900002
01/06/1974,11.93,0.109,1530.056,86,0.054,0.30995,229232,2.3902,282.97,69.970001
01/07/1974,12.92,0.115,1560.026,79.309998,0.055,0.30863,236357,2.3896,290.98,68.559998
01/08/1974,12.01,0.109,1560.026,72.150002,0.055,0.30863,236357,2.3456,302.2836,76.980003
01/09/1974,11.34,0.119,1560.026,63.540001,0.059,0.30863,236357,2.3165,299.084,81.589996
01/10/1974,10.06,0.121,1599.679,73.900002,0.06,0.30798,243170,2.333,299.3645,83.360001
01/11/1974,9.45,0.122,1599.679,69.970001,0.066,0.30798,243170,2.3252,300.075,87.300003
01/12/1974,8.53,0.123,1599.679,68.559998,0.072,0.30798,243170,2.3294,300.4114,91.150002
01/01/1975,7.13,0.118,1616.116,76.980003,0.081,0.31536,254526,2.3623,299.6845,95.190002
01/02/1975,6.24,0.112,1616.116,81.589996,0.081,0.31536,254526,2.3958,291.6583,88.75
01/03/1975,5.54,0.103,1616.116,83.360001,0.086,0.31536,254526,2.418,287.9486,86.879997
01/04/1975,5.49,0.102,1651.853,87.300003,0.088,0.32278,261258,2.3707,292.1968,83.870003
01/05/1975,5.22,0.095,1651.853,91.150002,0.09,0.32278,261258,2.3205,291.4305,89.040001
01/06/1975,5.55,0.094,1651.853,95.190002,0.088,0.32278,261258,2.2803,293.4662,91.239998
01/07/1975,6.1,0.097,1709.82,88.75,0.086,0.3238,265658,2.1845,296.3741,90.190002
01/08/1975,6.14,0.086,1709.82,86.879997,0.084,0.3238,265658,2.1143,297.9762,100.860001
01/09/1975,6.24,0.079,1709.82,83.870003,0.084,0.3238,265658,2.0834,299.909,99.709999
01/10/1975,5.82,0.074,1761.831,89.040001,0.084,0.3273,270077,2.0568,302.3364,102.769997
01/11/1975,5.22,0.074,1761.831,91.239998,0.083,0.3273,270077,2.0484,302.5453,101.639999
01/12/1975,5.2,0.069,1761.831,90.190002,0.082,0.3273,270077,2.0221,305.67,100.18
01/01/1976,4.87,0.067,1820.487,100.860001,0.079,0.32985,278165,2.0286,304.6357,104.279999
01/02/1976,4.77,0.063,1820.487,99.709999,0.077,0.32985,278165,2.0262,301.5944,103.440002
01/03/1976,4.84,0.061,1820.487,102.769997,0.076,0.32985,278165,1.9428,300.5183,102.910004
01/04/1976,4.82,0.06,1852.332,101.639999,0.077,0.33495,284516,1.8463,299.1086,105.239998
01/05/1976,5.29,0.062,1852.332,100.18,0.074,0.33495,284516,1.8079,299.004,102.900002
01/06/1976,5.48,0.06,1852.332,104.279999,0.076,0.33495,284516,1.764,299.1909,102.099998
01/07/1976,5.31,0.054,1886.558,103.440002,0.078,0.33643,290157,1.785,294.641,107.459999
01/08/1976,5.29,0.057,1886.558,102.910004,0.078,0.33643,290157,1.7828,290.6259,102.029999
01/09/1976,5.25,0.055,1886.558,105.239998,0.076,0.33643,290157,1.7272,287.361,99.82
01/10/1976,5.02,0.055,1934.273,102.900002,0.077,0.33788,296826,1.6377,291.189,98.419998
01/11/1976,4.95,0.049,1934.273,102.099998,0.078,0.33788,296826,1.6381,295.1653,98.440002
01/12/1976,4.65,0.049,1934.273,107.459999,0.078,0.33788,296826,1.6784,294.7017,96.120003
01/01/1977,4.61,0.052,1988.648,102.029999,0.075,0.33651,306027,1.7124,291.0524,100.480003
01/02/1977,4.68,0.059,1988.648,99.82,0.076,0.33651,306027,1.7103,285.0221,98.849998
01/03/1977,4.69,0.064,1988.648,98.419998,0.074,0.33651,306027,1.7174,280.2265,96.769997
01/04/1977,4.73,0.07,2055.909,98.440002,0.072,0.32804,312705,1.719,275.2071,96.529999
01/05/1977,5.35,0.067,2055.909,96.120003,0.07,0.32804,312705,1.7185,277.4262,92.339996
01/06/1977,5.39,0.069,2055.909,100.480003,0.072,0.32804,312705,1.7191,272.8609,94.830002
01/07/1977,5.42,0.068,2118.473,98.849998,0.069,0.32988,320704,1.7226,264.8632,95.099998
01/08/1977,5.9,0.066,2118.473,96.769997,0.07,0.32988,320704,1.7397,266.6774,89.25
01/09/1977,6.14,0.066,2118.473,96.529999,0.068,0.32988,320704,1.7431,266.77,87.040001
01/10/1977,6.47,0.064,2164.27,92.339996,0.068,0.33219,329676,1.7711,254.7445,89.209999
01/11/1977,6.51,0.067,2164.27,94.830002,0.068,0.33219,329676,1.8178,244.7026,96.830002
01/12/1977,6.56,0.067,2164.27,95.099998,0.064,0.33219,329676,1.8546,241.0229,97.239998
01/01/1978,6.7,0.068,2202.76,89.25,0.064,0.33501,336357,1.9353,241.081,95.529999
01/02/1978,6.78,0.064,2202.76,87.040001,0.063,0.33501,336357,1.9396,240.3722,100.68
01/03/1978,6.79,0.066,2202.76,89.209999,0.063,0.33501,336357,1.9055,231.8574,103.290001
01/04/1978,6.89,0.065,2331.633,96.830002,0.061,0.32124,345610,1.8497,221.857,102.540001
01/05/1978,7.36,0.07,2331.633,97.239998,0.06,0.32124,345610,1.8181,226.1786,93.150002
01/06/1978,7.6,0.074,2331.633,95.529999,0.059,0.32124,345610,1.8372,214.1064,94.699997
01/07/1978,7.81,0.077,2395.053,100.68,0.062,0.32214,353531,1.8949,199.6955,96.110001
01/08/1978,8.04,0.078,2395.053,103.290001,0.059,0.32214,353531,1.9406,188.7096,99.93
01/09/1978,8.45,0.083,2395.053,102.540001,0.06,0.32214,353531,1.9595,189.9195,96.279999
01/10/1978,8.96,0.089,2476.949,93.150002,0.058,0.31862,361147,2.0075,183.631,101.589996
01/11/1978,9.76,0.089,2476.949,94.699997,0.059,0.31862,361147,1.9608,192.1425,101.760002
01/12/1978,10.03,0.09,2476.949,96.110001,0.06,0.31862,361147,1.9861,195.955,99.080002
01/01/1979,10.07,0.093,2526.61,99.93,0.059,0.31536,370006,2.0053,197.755,102.910004
01/02/1979,10.06,0.099,2526.61,96.279999,0.059,0.31536,370006,2.0042,200.5072,103.809998
01/03/1979,10.09,0.101,2526.61,101.589996,0.058,0.31536,370006,2.0378,206.3236,109.32
01/04/1979,10.01,0.105,2591.247,101.760002,0.058,0.31063,380512,2.0735,216.2852,109.32
01/05/1979,10.24,0.109,2591.247,99.080002,0.056,0.31063,380512,2.0587,218.4141,101.82
01/06/1979,10.29,0.109,2591.247,102.910004,0.057,0.31063,380512,2.1119,218.5967,106.160004
01/07/1979,10.47,0.113,2667.565,103.809998,0.057,0.30984,390286,2.2598,216.51,107.940002
01/08/1979,10.94,0.118,2667.565,109.32,0.06,0.30984,390286,2.2368,217.9257,114.160004
01/09/1979,11.43,0.122,2667.565,109.32,0.059,0.30984,390286,2.1966,222.4137,113.660004
01/10/1979,13.77,0.121,2723.883,101.82,0.06,0.31026,397461,2.1438,230.4845,102.089996
01/11/1979,13.18,0.126,2723.883,106.160004,0.059,0.31026,397461,2.1352,244.9842,106.290001
01/12/1979,13.78,0.133,2723.883,107.940002,0.06,0.31026,397461,2.2007,240.3745,111.239998
01/01/1980,13.82,0.139,2789.842,114.160004,0.063,0.3095,412059,2.2641,237.8886,114.239998
01/02/1980,14.13,0.142,2789.842,113.660004,0.063,0.3095,412059,2.2891,244.35,121.669998
01/03/1980,17.19,0.148,2789.842,102.089996,0.063,0.3095,412059,2.2045,248.4786,122.379997
01/04/1980,17.61,0.147,2797.352,106.290001,0.069,0.31373,431388,2.2094,250.275,125.459999
01/05/1980,10.98,0.144,2797.352,111.239998,0.075,0.31373,431388,2.302,228.6286,127.470001
01/06/1980,9.47,0.144,2797.352,114.239998,0.076,0.31373,431388,2.3359,217.9176,140.520004
01/07/1980,9.03,0.131,2856.483,121.669998,0.078,0.31777,437306,2.3732,221.1364,135.759995
01/08/1980,9.61,0.129,2856.483,122.379997,0.077,0.31777,437306,2.3704,223.9138,129.550003
01/09/1980,10.87,0.126,2856.483,125.459999,0.075,0.31777,437306,2.4012,214.4167,131.270004
01/10/1980,12.81,0.128,2985.557,127.470001,0.075,0.31157,439488,2.4165,209.3227,136
01/11/1980,15.85,0.126,2985.557,140.520004,0.075,0.31157,439488,2.3941,213.1059,132.809998
01/12/1980,18.9,0.125,2985.557,135.759995,0.072,0.31157,439488,2.3459,209.4886,132.589996
01/01/1981,19.08,0.118,3124.206,129.550003,0.075,0.30873,452370,2.4029,202.3667,131.210007
01/02/1981,15.93,0.114,3124.206,131.270004,0.074,0.30873,452370,2.2941,205.7167,130.919998
01/03/1981,14.7,0.105,3124.206,136,0.074,0.30873,452370,2.2319,208.7918,122.790001
01/04/1981,15.72,0.1,3162.532,132.809998,0.072,0.30709,469953,2.1753,214.9759,116.18
01/05/1981,18.52,0.098,3162.532,132.589996,0.075,0.30709,469953,2.0884,220.6285,121.889999
01/06/1981,19.1,0.096,3162.532,131.210007,0.075,0.30709,469953,1.9738,224.1805,126.349998
01/07/1981,19.04,0.108,3260.609,130.919998,0.072,0.30603,483822,1.8737,232.3261,122.550003
01/08/1981,17.82,0.108,3260.609,122.790001,0.074,0.30603,483822,1.8203,233.3262,120.400002
01/09/1981,15.87,0.11,3260.609,116.18,0.076,0.30603,483822,1.8146,229.481,113.110001
01/10/1981,15.08,0.101,3280.818,121.889999,0.079,0.31356,492376,1.8407,231.519,111.959999
01/11/1981,13.31,0.096,3280.818,126.349998,0.083,0.31356,492376,1.9025,223.1267,116.440002
01/12/1981,12.37,0.089,3280.818,122.550003,0.085,0.31356,492376,1.9033,218.9545,111.879997
01/01/1982,13.22,0.084,3274.302,120.400002,0.086,0.32413,511040,1.886,224.805,109.610001
01/02/1982,14.78,0.076,3274.302,113.110001,0.089,0.32413,511040,1.847,235.3056,107.089996
01/03/1982,14.68,0.068,3274.302,111.959999,0.09,0.32413,511040,1.8053,241.2283,119.510002
01/04/1982,14.94,0.065,3331.972,116.440002,0.093,0.32402,521369,1.772,244.1068,120.419998
01/05/1982,14.45,0.067,3331.972,111.879997,0.094,0.32402,521369,1.8104,236.9635,133.720001
01/06/1982,14.15,0.071,3331.972,109.610001,0.096,0.32402,521369,1.7563,251.1977,138.529999
01/07/1982,12.59,0.064,3366.322,107.089996,0.098,0.33925,531636,1.7354,255.031,140.639999
01/08/1982,10.12,0.059,3366.322,119.510002,0.098,0.33925,531636,1.725,259.0455,145.300003
01/09/1982,10.31,0.05,3366.322,120.419998,0.101,0.33925,531636,1.712,263.2857,148.059998
01/10/1982,9.71,0.051,3402.561,133.720001,0.104,0.35182,533077,1.6962,271.615,152.960007
01/11/1982,9.2,0.046,3402.561,138.529999,0.108,0.35182,533077,1.6321,264.0879,164.429993
01/12/1982,8.95,0.038,3402.561,140.639999,0.108,0.35182,533077,1.616,241.9413,162.389999
01/01/1983,8.68,0.037,3473.413,145.300003,0.104,0.35829,545301,1.5756,232.731,167.639999
01/02/1983,8.51,0.035,3473.413,148.059998,0.104,0.35829,545301,1.5329,236.1211,162.559998
01/03/1983,8.77,0.036,3473.413,152.960007,0.103,0.35829,545301,1.49,238.2543,164.399994
01/04/1983,8.8,0.039,3578.848,164.429993,0.102,0.36872,556969,1.5361,237.7467,166.070007
01/05/1983,8.63,0.035,3578.848,162.389999,0.101,0.36872,556969,1.5722,234.7557,163.550003
01/06/1983,8.98,0.026,3578.848,167.639999,0.101,0.36872,556969,1.548,240.0314,166.399994
01/07/1983,9.37,0.025,3689.179,162.559998,0.094,0.37331,565361,1.5273,240.516,164.929993
01/08/1983,9.56,0.026,3689.179,164.399994,0.095,0.37331,565361,1.5026,244.4613,163.410004
01/09/1983,9.45,0.029,3689.179,166.070007,0.092,0.37331,565361,1.4986,242.3462,157.059998
01/10/1983,9.48,0.029,3794.706,163.550003,0.088,0.37176,567652,1.4969,232.8855,159.179993
01/11/1983,9.34,0.033,3794.706,166.399994,0.085,0.37176,567652,1.4766,235.03,160.050003
01/12/1983,9.47,0.038,3794.706,164.929993,0.083,0.37176,567652,1.4338,234.4624,150.550003
01/01/1984,9.56,0.042,3908.054,163.410004,0.08,0.37454,583617,1.4076,233.8,153.179993
01/02/1984,9.59,0.046,3908.054,157.059998,0.078,0.37454,583617,1.4417,233.5963,150.660004
01/03/1984,9.91,0.048,3908.054,159.179993,0.078,0.37454,583617,1.4557,225.2664,166.679993
01/04/1984,10.29,0.046,4009.601,160.050003,0.077,0.37727,605223,1.421,225.2,166.100006
01/05/1984,10.32,0.042,4009.601,150.550003,0.074,0.37727,605223,1.3894,230.4777,166.089996
01/06/1984,11.06,0.042,4009.601,153.179993,0.072,0.37727,605223,1.377,233.5657,163.580002
01/07/1984,11.23,0.042,4084.25,150.660004,0.075,0.38496,628268,1.32,243.0676,167.240005
01/08/1984,11.64,0.043,4084.25,166.679993,0.075,0.38496,628268,1.3132,242.2609,179.630005
01/09/1984,11.3,0.043,4084.25,166.100006,0.073,0.38496,628268,1.2563,245.4568,181.179993
01/10/1984,9.99,0.043,4148.551,166.089996,0.074,0.40085,657987,1.2196,246.7545,180.660004
01/11/1984,9.43,0.041,4148.551,163.580002,0.072,0.40085,657987,1.2392,243.6305,179.830002
01/12/1984,8.38,0.039,4148.551,167.240005,0.073,0.40085,657987,1.1861,247.964,189.550003
01/01/1985,8.35,0.035,4230.168,179.630005,0.073,0.40441,682669,1.1271,254.1829,191.850006
01/02/1985,8.5,0.035,4230.168,181.179993,0.072,0.40441,682669,1.0931,260.4778,190.919998
01/03/1985,8.58,0.037,4230.168,180.660004,0.072,0.40441,682669,1.1253,257.9205,188.630005
01/04/1985,8.27,0.037,4294.887,179.830002,0.073,0.4132,715218,1.2377,251.8455,182.080002
01/05/1985,7.97,0.038,4294.887,189.550003,0.072,0.4132,715218,1.2483,251.7295,189.820007
01/06/1985,7.53,0.038,4294.887,191.850006,0.074,0.4132,715218,1.2808,248.84,202.169998
01/07/1985,7.88,0.036,4386.773,190.919998,0.074,0.41559,739841,1.3807,241.1364,211.279999
01/08/1985,7.9,0.033,4386.773,188.630005,0.071,0.41559,739841,1.3841,237.4609,211.779999
01/09/1985,7.92,0.031,4386.773,182.080002,0.071,0.41559,739841,1.3642,236.5275,226.919998
01/10/1985,7.99,0.032,4444.094,189.820007,0.071,0.43787,777480,1.4215,214.6805,238.899994
01/11/1985,8.05,0.035,4444.094,202.169998,0.07,0.43787,777480,1.4396,204.0737,235.520004
01/12/1985,8.27,0.038,4444.094,211.279999,0.07,0.43787,777480,1.4447,202.7881,247.350006
01/01/1986,8.14,0.039,4507.894,211.779999,0.067,0.44074,807745,1.4244,199.8905,250.839996
01/02/1986,7.86,0.031,4507.894,226.919998,0.072,0.44074,807745,1.4297,184.8516,236.119995
01/03/1986,7.48,0.023,4507.894,238.899994,0.072,0.44074,807745,1.4674,178.6938,252.929993
01/04/1986,6.99,0.016,4545.34,235.520004,0.071,0.45307,842883,1.4985,175.0918,231.320007
01/05/1986,6.85,0.015,4545.34,247.350006,0.072,0.45307,842883,1.5211,167.0314,243.979996
01/06/1986,6.92,0.018,4545.34,250.839996,0.072,0.45307,842883,1.5085,167.5419,249.220001
01/07/1986,6.56,0.016,4607.669,236.119995,0.07,0.46125,874104,1.5071,158.6059,242.169998
01/08/1986,6.17,0.016,4607.669,252.929993,0.069,0.46125,874104,1.4861,154.1771,274.079987
01/09/1986,5.89,0.018,4607.669,231.320007,0.07,0.46125,874104,1.4698,154.7314,284.200012
01/10/1986,5.85,0.015,4657.627,243.979996,0.07,0.47553,885353,1.4264,156.4723,291.700012
01/11/1986,6.04,0.013,4657.627,249.220001,0.069,0.47553,885353,1.4238,162.8494,288.359985
01/12/1986,6.91,0.011,4657.627,242.169998,0.066,0.47553,885353,1.4393,162.0523,290.100006
01/01/1987,6.43,0.015,4722.156,274.079987,0.066,0.47578,911433,1.5054,154.8295,304
01/02/1987,6.1,0.021,4722.156,284.200012,0.066,0.47578,911433,1.528,153.4068,318.660004
01/03/1987,6.13,0.03,4722.156,291.700012,0.066,0.47578,911433,1.5923,151.4332,329.799988
01/04/1987,6.37,0.038,4806.16,288.359985,0.063,0.48049,932274,1.6313,142.8986,321.829987
01/05/1987,6.85,0.039,4806.16,290.100006,0.063,0.48049,932274,1.6666,140.479,251.789993
01/06/1987,6.73,0.037,4806.16,304,0.062,0.48049,932274,1.6288,144.5495,230.300003
01/07/1987,6.58,0.039,4884.555,318.660004,0.061,0.48117,952968,1.609,150.2939,247.080002
01/08/1987,6.73,0.043,4884.555,329.799988,0.06,0.48117,952968,1.5996,147.3343,257.070007
01/09/1987,7.22,0.044,4884.555,321.829987,0.059,0.48117,952968,1.6446,143.291,267.820007
01/10/1987,7.29,0.045,5007.994,251.789993,0.06,0.48557,974107,1.662,143.32,258.890015
01/11/1987,6.69,0.045,5007.994,230.300003,0.058,0.48557,974107,1.7754,135.3974,261.329987
01/12/1987,6.77,0.044,5007.994,247.080002,0.057,0.48557,974107,1.8288,128.2418,262.160004
01/01/1988,6.83,0.04,5073.372,257.070007,0.057,0.49032,998872,1.8009,127.6853,273.5
01/02/1988,6.58,0.039,5073.372,267.820007,0.057,0.49032,998872,1.7582,129.1665,272.019989
01/03/1988,6.58,0.039,5073.372,258.890015,0.057,0.49032,998872,1.833,127.1139,261.519989
01/04/1988,6.87,0.039,5190.036,261.329987,0.054,0.49087,1034690,1.8782,124.8976,271.910004
01/05/1988,7.09,0.039,5190.036,262.160004,0.056,0.49087,1034690,1.8695,124.7871,278.970001
01/06/1988,7.51,0.04,5190.036,273.5,0.054,0.49087,1034690,1.7768,127.4655,273.700012
01/07/1988,7.75,0.041,5282.835,272.019989,0.054,0.49257,1061889,1.7051,133.0215,277.720001
01/08/1988,8.01,0.04,5282.835,261.519989,0.056,0.49257,1061889,1.6965,133.7661,297.470001
01/09/1988,8.19,0.042,5282.835,271.910004,0.054,0.49257,1061889,1.684,134.3176,288.859985
01/10/1988,8.3,0.042,5399.509,278.970001,0.054,0.49715,1089317,1.7388,128.6805,294.869995
01/11/1988,8.35,0.042,5399.509,273.700012,0.053,0.49715,1089317,1.8085,123.202,309.640015
01/12/1988,8.76,0.044,5399.509,277.720001,0.053,0.49715,1089317,1.8258,123.6076,320.519989
01/01/1989,9.12,0.047,5511.253,297.470001,0.054,0.49733,1113576,1.7737,127.3625,317.980011
01/02/1989,9.36,0.048,5511.253,288.859985,0.052,0.49733,1113576,1.7534,127.7374,346.079987
01/03/1989,9.85,0.05,5511.253,294.869995,0.05,0.49733,1113576,1.7134,130.5504,351.450012
01/04/1989,9.84,0.051,5612.463,309.640015,0.052,0.49888,1148350,1.7008,132.0365,349.149994
01/05/1989,9.81,0.054,5612.463,320.519989,0.052,0.49888,1148350,1.6307,137.8636,340.359985
01/06/1989,9.53,0.052,5612.463,317.980011,0.053,0.49888,1148350,1.553,143.9809,345.98999
01/07/1989,9.24,0.05,5695.365,346.079987,0.052,0.50171,1166999,1.6268,140.424,353.399994
01/08/1989,8.99,0.047,5695.365,351.450012,0.052,0.50171,1166999,1.5947,141.4852,329.079987
01/09/1989,9.02,0.043,5695.365,349.149994,0.053,0.50171,1166999,1.5715,145.07,331.890015
01/10/1989,8.84,0.045,5747.237,340.359985,0.053,0.51381,1183681,1.5874,142.2067,339.940002
01/11/1989,8.55,0.047,5747.237,345.98999,0.054,0.51381,1183681,1.5726,143.5343,330.799988
01/12/1989,8.45,0.046,5747.237,353.399994,0.054,0.51381,1183681,1.5965,143.685,361.230011
01/01/1990,8.23,0.052,5872.701,329.079987,0.054,0.51969,1208939,1.6512,144.9819,358.019989
01/02/1990,8.24,0.053,5872.701,331.890015,0.053,0.51969,1208939,1.6961,145.6932,356.149994
01/03/1990,8.28,0.052,5872.701,339.940002,0.052,0.51969,1208939,1.6245,153.3082,322.559998
01/04/1990,8.26,0.047,5960.028,330.799988,0.054,0.52747,1228355,1.6372,158.4586,306.049988
01/05/1990,8.18,0.044,5960.028,361.230011,0.054,0.52747,1228355,1.6774,154.0441,304
01/06/1990,8.29,0.047,5960.028,358.019989,0.052,0.52747,1228355,1.7103,153.6957,322.220001
01/07/1990,8.15,0.048,6015.116,356.149994,0.055,0.53753,1238704,1.8098,149.0395,330.220001
01/08/1990,8.13,0.056,6015.116,322.559998,0.057,0.53753,1238704,1.9013,147.4609,343.929993
01/09/1990,8.2,0.062,6015.116,306.049988,0.059,0.53753,1238704,1.8794,138.4405,367.070007
01/10/1990,8.11,0.063,6004.733,304,0.059,0.56036,1240172,1.9456,129.5909,375.220001
01/11/1990,7.81,0.063,6004.733,322.220001,0.062,0.56036,1240172,1.9642,129.2155,375.339996
01/12/1990,7.31,0.061,6004.733,330.220001,0.063,0.56036,1240172,1.9219,133.889,389.829987
01/01/1991,6.91,0.057,6035.178,343.929993,0.064,0.57417,1262042,1.9346,133.6986,371.160004
01/02/1991,6.25,0.053,6035.178,367.070007,0.066,0.57417,1262042,1.9641,130.5358,387.809998
01/03/1991,6.12,0.049,6035.178,375.220001,0.068,0.57417,1262042,1.8214,137.3867,395.429993
01/04/1991,5.91,0.049,6126.862,375.339996,0.067,0.57746,1286441,1.7497,137.1127,387.859985
01/05/1991,5.78,0.05,6126.862,389.829987,0.069,0.57746,1286441,1.7238,138.2218,392.450012
01/06/1991,5.9,0.047,6126.862,371.160004,0.069,0.57746,1286441,1.6497,139.7475,375.220001
01/07/1991,5.82,0.044,6205.937,387.809998,0.068,0.59061,1294169,1.6513,137.83,417.089996
01/08/1991,5.66,0.038,6205.937,395.429993,0.069,0.59061,1294169,1.6841,136.8164,408.779999
01/09/1991,5.45,0.034,6205.937,387.859985,0.069,0.59061,1294169,1.7265,134.2995,412.700012
01/10/1991,5.21,0.029,6264.54,392.450012,0.07,0.60686,1299396,1.7231,130.7723,403.690002
01/11/1991,4.81,0.03,6264.54,375.220001,0.07,0.60686,1299396,1.7796,129.6321,414.950012
01/12/1991,4.43,0.031,6264.54,417.089996,0.073,0.60686,1299396,1.8272,128.0395,415.350006
01/01/1992,4.03,0.026,6363.102,408.779999,0.073,0.60997,1330818,1.809,125.4614,408.140015
01/02/1992,4.06,0.028,6363.102,412.700012,0.074,0.60997,1330818,1.7778,127.6989,424.209991
01/03/1992,3.98,0.032,6363.102,403.690002,0.074,0.60997,1330818,1.7238,132.8627,414.029999
01/04/1992,3.73,0.032,6470.763,414.950012,0.074,0.61579,1352584,1.7566,133.5395,417.799988
01/05/1992,3.82,0.03,6470.763,415.350006,0.076,0.61579,1352584,1.8095,130.771,418.679993
01/06/1992,3.76,0.031,6470.763,408.140015,0.078,0.61579,1352584,1.8551,126.8355,431.350006
01/07/1992,3.25,0.032,6566.641,424.209991,0.077,0.61898,1365248,1.9177,125.8817,435.709991
01/08/1992,3.3,0.031,6566.641,414.029999,0.076,0.61898,1365248,1.9434,126.231,438.779999
01/09/1992,3.22,0.03,6566.641,417.799988,0.076,0.61898,1365248,1.8465,122.5967,443.380005
01/10/1992,3.1,0.032,6680.803,418.679993,0.073,0.62523,1379895,1.6529,121.1652,451.670013
01/11/1992,3.09,0.03,6680.803,431.350006,0.074,0.62523,1379895,1.5268,123.88,440.190002
01/12/1992,2.92,0.029,6680.803,435.709991,0.074,0.62523,1379895,1.551,124.0409,450.190002
01/01/1993,3.02,0.033,6729.459,438.779999,0.073,0.62867,1445589,1.5325,124.9932,450.529999
01/02/1993,3.03,0.032,6729.459,443.380005,0.071,0.62867,1445589,1.4395,120.7595,448.130005
01/03/1993,3.07,0.031,6729.459,451.670013,0.07,0.62867,1445589,1.4617,117.0174,463.559998
01/04/1993,2.96,0.032,6808.939,440.190002,0.071,0.63915,1503576,1.5447,112.4114,458.929993
01/05/1993,3,0.032,6808.939,450.190002,0.071,0.63915,1503576,1.5477,110.343,467.829987
01/06/1993,3.04,0.03,6808.939,450.529999,0.07,0.63915,1503576,1.5082,107.4118,461.790009
01/07/1993,3.06,0.028,6882.098,448.130005,0.069,0.64101,1548852,1.4955,107.6914,466.450012
01/08/1993,3.03,0.028,6882.098,463.559998,0.068,0.64101,1548852,1.4914,103.765,481.609985
01/09/1993,3.09,0.027,6882.098,458.929993,0.067,0.64101,1548852,1.5248,105.5748,467.140015
01/10/1993,2.99,0.028,7013.738,467.829987,0.068,0.64669,1580574,1.5023,107.02,445.769989
01/11/1993,3.02,0.027,7013.738,461.790009,0.066,0.64669,1580574,1.4808,107.8765,450.910004
01/12/1993,2.96,0.027,7013.738,466.450012,0.065,0.64669,1580574,1.4913,109.913,456.5
01/01/1994,3.05,0.025,7115.652,481.609985,0.066,0.64307,1630903,1.4923,111.4415,444.269989
01/02/1994,3.25,0.025,7115.652,467.140015,0.066,0.64307,1630903,1.4792,106.3011,458.26001
01/03/1994,3.34,0.025,7115.652,445.769989,0.065,0.64307,1630903,1.4919,105.0974,475.48999
01/04/1994,3.56,0.024,7246.931,450.910004,0.064,0.64107,1661478,1.4823,103.4843,462.709991
01/05/1994,4.01,0.023,7246.931,456.5,0.061,0.64107,1661478,1.5042,103.7533,472.350006
01/06/1994,4.25,0.025,7246.931,444.269989,0.061,0.64107,1661478,1.5262,102.5264,453.690002
01/07/1994,4.26,0.028,7331.075,458.26001,0.061,0.64012,1679354,1.5467,98.445,459.269989
01/08/1994,4.47,0.029,7331.075,475.48999,0.06,0.64012,1679354,1.5422,99.9404,470.420013
01/09/1994,4.73,0.03,7331.075,462.709991,0.059,0.64012,1679354,1.5661,98.7743,487.390015
01/10/1994,4.76,0.026,7455.288,472.350006,0.058,0.64386,1699387,1.6064,98.353,500.709991
01/11/1994,5.29,0.027,7455.288,453.690002,0.056,0.64386,1699387,1.5892,98.044,514.710022
01/12/1994,5.45,0.027,7455.288,459.269989,0.055,0.64386,1699387,1.5587,100.1824,533.400024
01/01/1995,5.53,0.028,7522.289,470.420013,0.056,0.64663,1722105,1.5746,99.766,544.75
01/02/1995,5.92,0.029,7522.289,487.390015,0.054,0.64663,1722105,1.572,98.2368,562.059998
01/03/1995,5.98,0.029,7522.289,500.709991,0.054,0.64663,1722105,1.6002,90.5196,561.880005
01/04/1995,6.05,0.031,7580.997,514.710022,0.058,0.65313,1761701,1.6073,83.6895,584.409973
01/05/1995,6.01,0.032,7580.997,533.400024,0.056,0.65313,1761701,1.5874,85.1127,581.5
01/06/1995,6,0.03,7580.997,544.75,0.056,0.65313,1761701,1.5948,84.6355,605.369995
01/07/1995,5.85,0.028,7683.125,562.059998,0.057,0.64739,1772646,1.5952,87.397,615.929993
01/08/1995,5.74,0.026,7683.125,561.880005,0.057,0.64739,1772646,1.5668,94.7383,636.02002
01/09/1995,5.8,0.025,7683.125,584.409973,0.056,0.64739,1772646,1.559,100.5455,640.429993
01/10/1995,5.76,0.028,7772.586,581.5,0.055,0.64183,1786174,1.5779,100.839,645.5
01/11/1995,5.8,0.026,7772.586,605.369995,0.056,0.64183,1786174,1.5625,101.94,654.169983
01/12/1995,5.6,0.025,7772.586,615.929993,0.056,0.64183,1786174,1.5405,101.8495,669.119995
01/01/1996,5.56,0.027,7868.468,636.02002,0.056,0.65042,1825831,1.5288,105.7514,670.630005
01/02/1996,5.22,0.027,7868.468,640.429993,0.055,0.65042,1825831,1.536,105.788,639.950012
01/03/1996,5.31,0.028,7868.468,645.5,0.055,0.65042,1825831,1.5271,105.94,651.98999
01/04/1996,5.22,0.029,8032.84,654.169983,0.056,0.6425,1861070,1.516,107.1995,687.330017
01/05/1996,5.24,0.029,8032.84,669.119995,0.056,0.6425,1861070,1.5152,106.3423,705.27002
01/06/1996,5.27,0.028,8032.84,670.630005,0.053,0.6425,1861070,1.5416,108.96,757.02002
01/07/1996,5.4,0.03,8131.408,639.950012,0.055,0.64255,1867989,1.553,109.1909,740.73999
01/08/1996,5.22,0.029,8131.408,651.98999,0.051,0.64255,1867989,1.5499,107.8659,786.159973
01/09/1996,5.3,0.03,8131.408,687.330017,0.052,0.64255,1867989,1.5593,109.931,790.820007
01/10/1996,5.24,0.03,8259.771,705.27002,0.052,0.64447,1875964,1.5863,112.4123,757.119995
01/11/1996,5.31,0.033,8259.771,757.02002,0.054,0.64447,1875964,1.6623,112.2958,801.340027
01/12/1996,5.29,0.033,8259.771,740.73999,0.054,0.64447,1875964,1.6639,113.981,848.280029
01/01/1997,5.25,0.03,8362.655,786.159973,0.053,0.64344,1916831,1.6585,117.9124,885.140015
01/02/1997,5.19,0.03,8362.655,790.820007,0.052,0.64344,1916831,1.6256,122.9621,954.309998
01/03/1997,5.39,0.028,8362.655,757.119995,0.052,0.64344,1916831,1.6096,122.7738,899.469971
01/04/1997,5.51,0.025,8518.825,801.340027,0.051,0.63109,1964069,1.6293,125.6377,947.280029
01/05/1997,5.5,0.022,8518.825,848.280029,0.049,0.63109,1964069,1.6322,119.1924,914.619995
01/06/1997,5.56,0.023,8518.825,885.140015,0.05,0.63109,1964069,1.6449,114.2857,955.400024
01/07/1997,5.52,0.022,8662.823,954.309998,0.049,0.62487,2014450,1.6694,115.3759,970.429993
01/08/1997,5.54,0.022,8662.823,899.469971,0.048,0.62487,2014450,1.6035,117.9295,980.280029
01/09/1997,5.54,0.022,8662.823,947.280029,0.049,0.62487,2014450,1.6013,120.89,1049.339966
01/10/1997,5.5,0.021,8765.907,914.619995,0.047,0.6277,2020168,1.633,121.0605,1101.75
01/11/1997,5.52,0.018,8765.907,955.400024,0.046,0.6277,2020168,1.6889,125.3817,1111.75
01/12/1997,5.5,0.017,8765.907,970.429993,0.047,0.6277,2020168,1.6597,129.7341,1090.819946
01/01/1998,5.56,0.016,8866.48,980.280029,0.046,0.6251,2117855,1.635,129.5475,1133.839966
01/02/1998,5.51,0.014,8866.48,1049.339966,0.046,0.6251,2117855,1.6408,125.8516,1120.670044
01/03/1998,5.49,0.014,8866.48,1101.75,0.047,0.6251,2117855,1.6619,129.0823,957.280029
01/04/1998,5.45,0.014,8969.699,1111.75,0.043,0.61852,2213825,1.6723,131.7536,1017.01001
01/05/1998,5.49,0.017,8969.699,1090.819946,0.044,0.61852,2213825,1.6382,134.896,1098.670044
01/06/1998,5.56,0.017,8969.699,1133.839966,0.045,0.61852,2213825,1.6504,140.3305,1163.630005
01/07/1998,5.54,0.017,9121.097,1120.670044,0.045,0.60587,2255564,1.6437,140.7874,1229.22998
01/08/1998,5.55,0.016,9121.097,957.280029,0.045,0.60587,2255564,1.6342,144.68,1279.640015
01/09/1998,5.51,0.015,9121.097,1017.01001,0.046,0.60587,2255564,1.6823,134.4805,1238.329956
01/10/1998,5.07,0.015,9293.991,1098.670044,0.045,0.60407,2268034,1.6944,121.0486,1286.369995
01/11/1998,4.83,0.015,9293.991,1163.630005,0.044,0.60407,2268034,1.6611,120.2895,1335.180054
01/12/1998,4.68,0.016,9293.991,1229.22998,0.044,0.60407,2268034,1.6708,117.0709,1301.839966
01/01/1999,4.63,0.017,9417.264,1279.640015,0.043,0.60013,2348966,1.6498,113.29,1372.709961
01/02/1999,4.76,0.016,9417.264,1238.329956,0.044,0.60013,2348966,1.6276,116.6684,1328.719971
01/03/1999,4.81,0.017,9417.264,1286.369995,0.042,0.60013,2348966,1.6213,119.473,1320.410034
01/04/1999,4.74,0.023,9524.152,1335.180054,0.043,0.59205,2418704,1.6089,119.7723,1282.709961
01/05/1999,4.74,0.021,9524.152,1301.839966,0.042,0.59205,2418704,1.6154,121.9995,1362.930054
01/06/1999,4.76,0.02,9524.152,1372.709961,0.043,0.59205,2418704,1.595,120.7245,1388.910034
01/07/1999,4.99,0.021,9681.856,1328.719971,0.043,0.58421,2494745,1.5751,119.3305,1469.25
01/08/1999,5.07,0.023,9681.856,1320.410034,0.042,0.58421,2494745,1.6058,113.2268,1394.459961
01/09/1999,5.22,0.026,9681.856,1282.709961,0.042,0.58421,2494745,1.6247,106.8752,1366.420044
01/10/1999,5.2,0.026,9899.378,1362.930054,0.041,0.58348,2511841,1.6572,105.965,1498.579956
01/11/1999,5.42,0.026,9899.378,1388.910034,0.041,0.58348,2511841,1.6205,104.6485,1452.430054
01/12/1999,5.3,0.027,9899.378,1469.25,0.04,0.58348,2511841,1.6132,102.5843,1420.599976
01/01/2000,5.45,0.027,10002.857,1394.459961,0.04,0.57717,2585093,1.6404,105.296,1454.599976
01/02/2000,5.73,0.032,10002.857,1366.420044,0.041,0.57717,2585093,1.6,109.3885,1430.829956
01/03/2000,5.85,0.038,10002.857,1498.579956,0.04,0.57717,2585093,1.5799,106.3074,1517.680054
01/04/2000,6.02,0.031,10247.679,1452.430054,0.038,0.55485,2648996,1.5823,105.627,1436.51001
01/05/2000,6.27,0.032,10247.679,1420.599976,0.04,0.55485,2648996,1.509,108.3205,1429.400024
01/06/2000,6.53,0.037,10247.679,1454.599976,0.04,0.55485,2648996,1.5092,106.1255,1314.949951
01/07/2000,6.54,0.037,10319.825,1430.829956,0.04,0.54983,2699111,1.5076,108.2115,1320.280029
01/08/2000,6.5,0.034,10319.825,1517.680054,0.041,0.54983,2699111,1.4889,108.0804,1366.01001
01/09/2000,6.52,0.035,10319.825,1436.51001,0.039,0.54983,2699111,1.4336,106.8375,1239.939941
01/10/2000,6.51,0.034,10439.025,1429.400024,0.039,0.54241,2697771,1.4506,108.4429,1160.329956
01/11/2000,6.51,0.034,10439.025,1314.949951,0.039,0.54241,2697771,1.4258,109.0095,1249.459961
01/12/2000,6.4,0.034,10439.025,1320.280029,0.039,0.54241,2697771,1.4629,112.209,1255.819946
01/01/2001,5.98,0.037,10472.879,1366.01001,0.042,0.5513,2753938,1.4775,116.6719,1224.380005
01/02/2001,5.49,0.035,10472.879,1239.939941,0.042,0.5513,2753938,1.4525,116.2337,1211.22998
01/03/2001,5.31,0.029,10472.879,1160.329956,0.043,0.5513,2753938,1.4445,121.505,1133.579956
01/04/2001,4.8,0.033,10597.822,1249.459961,0.044,0.54038,2826079,1.4348,123.771,1040.939941
01/05/2001,4.21,0.036,10597.822,1255.819946,0.043,0.54038,2826079,1.4265,121.7682,1059.780029
01/06/2001,3.97,0.032,10597.822,1224.380005,0.045,0.54038,2826079,1.402,122.351,1139.449951
01/07/2001,3.77,0.027,10596.294,1211.22998,0.046,0.54807,2843202,1.4148,124.4981,1148.079956
01/08/2001,3.65,0.027,10596.294,1133.579956,0.049,0.54807,2843202,1.4372,121.367,1130.199951
01/09/2001,3.07,0.026,10596.294,1040.939941,0.05,0.54807,2843202,1.4638,118.6117,1106.72998
01/10/2001,2.49,0.021,10660.294,1059.780029,0.053,0.55753,2883758,1.4501,121.4536,1147.390015
01/11/2001,2.09,0.019,10660.294,1139.449951,0.055,0.55753,2883758,1.4356,122.4055,1076.920044
01/12/2001,1.82,0.016,10660.294,1148.079956,0.057,0.55753,2883758,1.4413,127.5945,1067.140015
01/01/2002,1.73,0.011,10788.952,1130.199951,0.057,0.55668,2914655,1.4322,132.6833,989.820007
01/02/2002,1.74,0.011,10788.952,1106.72998,0.057,0.55668,2914655,1.4227,133.6426,911.619995
01/03/2002,1.73,0.015,10788.952,1147.390015,0.057,0.55668,2914655,1.423,131.061,916.070007
01/04/2002,1.75,0.016,10893.207,1076.920044,0.059,0.56241,2926060,1.4429,130.7718,815.280029
01/05/2002,1.75,0.012,10893.207,1067.140015,0.058,0.56241,2926060,1.4598,126.375,885.76001
01/06/2002,1.75,0.011,10893.207,989.820007,0.058,0.56241,2926060,1.4837,123.2905,936.309998
01/07/2002,1.73,0.015,10992.051,911.619995,0.058,0.56661,2907617,1.5565,117.8991,879.820007
01/08/2002,1.74,0.018,10992.051,916.070007,0.057,0.56661,2907617,1.5368,118.9927,855.700012
01/09/2002,1.75,0.015,10992.051,815.280029,0.057,0.56661,2907617,1.5563,121.078,841.150024
01/10/2002,1.75,0.02,11071.463,885.76001,0.057,0.57858,2904053,1.5575,123.9077,848.179993
01/11/2002,1.34,0.022,11071.463,936.309998,0.059,0.57858,2904053,1.5711,121.6079,916.919983
01/12/2002,1.24,0.024,11071.463,879.820007,0.06,0.57858,2904053,1.5863,121.8929,963.590027
01/01/2003,1.24,0.026,11183.507,855.700012,0.058,0.57771,2912344,1.6175,118.8133,974.5
01/02/2003,1.26,0.03,11183.507,841.150024,0.059,0.57771,2912344,1.6079,119.3379,990.309998
01/03/2003,1.25,0.03,11183.507,848.179993,0.059,0.57771,2912344,1.5825,118.6871,1008.01001
01/04/2003,1.26,0.022,11312.875,916.919983,0.06,0.5896,2933753,1.5739,119.895,995.969971
01/05/2003,1.26,0.021,11312.875,963.590027,0.061,0.5896,2933753,1.6224,117.3681,1050.709961
01/06/2003,1.22,0.021,11312.875,974.5,0.063,0.5896,2933753,1.6609,118.329,1058.199951
01/07/2003,1.01,0.021,11567.326,990.309998,0.062,0.58642,2966842,1.6221,118.6959,1111.920044
01/08/2003,1.03,0.022,11567.326,1008.01001,0.061,0.58642,2966842,1.5939,118.6624,1131.130005
01/09/2003,1.01,0.023,11567.326,995.969971,0.061,0.58642,2966842,1.6155,114.8,1144.939941
01/10/2003,1.01,0.02,11769.275,1050.709961,0.06,0.5946,2941231,1.6792,109.4955,1126.209961
01/11/2003,1,0.018,11769.275,1058.199951,0.058,0.5946,2941231,1.6897,109.1778,1107.300049
01/12/2003,0.98,0.019,11769.275,1111.920044,0.057,0.5946,2941231,1.7516,107.7377,1120.680054
01/01/2004,1,0.019,11920.169,1131.130005,0.057,0.59824,3004469,1.8255,106.2685,1140.839966
01/02/2004,1.01,0.017,11920.169,1144.939941,0.056,0.59824,3004469,1.8673,106.7079,1101.719971
01/03/2004,1,0.017,11920.169,1126.209961,0.058,0.59824,3004469,1.8261,108.5157,1104.23999
01/04/2004,1,0.023,12108.987,1107.300049,0.056,0.60074,2990545,1.8031,107.6564,1114.579956
01/05/2004,1,0.031,12108.987,1120.680054,0.056,0.60074,2990545,1.786,112.196,1130.199951
01/06/2004,1.03,0.033,12108.987,1140.839966,0.056,0.60074,2990545,1.8279,109.4336,1173.819946
01/07/2004,1.26,0.03,12303.34,1101.719971,0.055,0.59976,2997907,1.8438,109.4871,1211.920044
01/08/2004,1.43,0.027,12303.34,1104.23999,0.054,0.59976,2997907,1.8203,110.2336,1181.27002
01/09/2004,1.61,0.025,12303.34,1114.579956,0.054,0.59976,2997907,1.7937,110.0914,1203.599976
01/10/2004,1.76,0.032,12522.425,1130.199951,0.055,0.6066,2985044,1.8077,108.7835,1180.589966
01/11/2004,1.93,0.035,12522.425,1173.819946,0.054,0.6066,2985044,1.8607,104.699,1156.849976
01/12/2004,2.16,0.033,12522.425,1211.920044,0.054,0.6066,2985044,1.9286,103.8104,1191.5
01/01/2005,2.28,0.03,12761.337,1181.27002,0.053,0.60941,3000052,1.8797,103.341,1191.329956
01/02/2005,2.5,0.03,12761.337,1203.599976,0.054,0.60941,3000052,1.8871,104.9442,1234.180054
01/03/2005,2.63,0.031,12761.337,1180.589966,0.052,0.60941,3000052,1.9043,105.2543,1220.329956
01/04/2005,2.79,0.035,12910.022,1156.849976,0.052,0.60701,2986289,1.8961,107.1938,1228.810059
01/05/2005,3,0.028,12910.022,1191.5,0.051,0.60701,2986289,1.8559,106.5952,1207.01001
01/06/2005,3.04,0.025,12910.022,1191.329956,0.05,0.60701,2986289,1.8177,108.7473,1249.47998
01/07/2005,3.26,0.032,13142.873,1234.180054,0.05,0.60358,3005914,1.7507,111.9535,1248.290039
01/08/2005,3.5,0.036,13142.873,1220.329956,0.049,0.60358,3005914,1.7944,110.6065,1280.079956
01/09/2005,3.62,0.047,13142.873,1228.810059,0.05,0.60358,3005914,1.8064,111.239,1280.660034
01/10/2005,3.78,0.043,13332.316,1207.01001,0.05,0.61283,2985056,1.7651,114.8695,1294.869995
01/11/2005,4,0.035,13332.316,1249.47998,0.05,0.61283,2985056,1.7349,118.454,1310.609985
01/12/2005,4.16,0.034,13332.316,1248.290039,0.049,0.61283,2985056,1.7458,118.4624,1270.089966
01/01/2006,4.29,0.04,13603.933,1280.079956,0.047,0.61535,3016128,1.7686,115.4765,1270.199951
01/02/2006,4.49,0.036,13603.933,1280.660034,0.048,0.61535,3016128,1.748,117.8605,1276.660034
01/03/2006,4.59,0.034,13603.933,1294.869995,0.047,0.61535,3016128,1.7442,117.2778,1303.819946
01/04/2006,4.79,0.035,13749.806,1310.609985,0.047,0.61238,3068189,1.768,117.0695,1335.849976
01/05/2006,4.94,0.042,13749.806,1270.089966,0.046,0.61238,3068189,1.8687,111.7305,1377.939941
01/06/2006,4.99,0.043,13749.806,1270.199951,0.046,0.61238,3068189,1.8435,114.625,1400.630005
01/07/2006,5.24,0.041,13867.469,1276.660034,0.047,0.61345,3082224,1.8443,115.767,1418.300049
01/08/2006,5.25,0.038,13867.469,1303.819946,0.047,0.61345,3082224,1.8941,115.9243,1438.23999
01/09/2006,5.25,0.021,13867.469,1335.849976,0.045,0.61345,3082224,1.8839,117.2145,1406.819946
01/10/2006,5.25,0.013,14037.228,1377.939941,0.044,0.61837,3140707,1.8765,118.609,1420.859985
01/11/2006,5.25,0.02,14037.228,1400.630005,0.045,0.61837,3140707,1.9125,117.3205,1482.369995
01/12/2006,5.24,0.025,14037.228,1418.300049,0.044,0.61837,3140707,1.9629,117.322,1530.619995
01/01/2007,5.25,0.021,14208.569,1438.23999,0.046,0.62284,3197934,1.9587,120.4471,1503.349976
01/02/2007,5.26,0.024,14208.569,1406.819946,0.045,0.62284,3197934,1.9589,120.5047,1455.27002
01/03/2007,5.26,0.028,14208.569,1420.859985,0.044,0.62284,3197934,1.9474,117.26,1473.98999
01/04/2007,5.25,0.026,14382.363,1482.369995,0.045,0.61657,3299069,1.9879,118.9324,1526.75
01/05/2007,5.25,0.027,14382.363,1530.619995,0.044,0.61657,3299069,1.9842,120.7732,1549.380005
01/06/2007,5.25,0.027,14382.363,1503.349976,0.046,0.61657,3299069,1.9867,122.6886,1481.140015
01/07/2007,5.26,0.024,14535.003,1455.27002,0.047,0.61972,3302946,2.0355,121.4148,1468.359985
01/08/2007,5.02,0.02,14535.003,1473.98999,0.046,0.61972,3302946,2.011,116.7335,1378.550049
01/09/2007,4.94,0.028,14535.003,1526.75,0.047,0.61972,3302946,2.0184,115.0435,1330.630005
01/10/2007,4.76,0.035,14681.501,1549.380005,0.047,0.62863,3346619,2.0449,115.8661,1322.699951
01/11/2007,4.49,0.043,14681.501,1481.140015,0.047,0.62863,3346619,2.0701,111.0729,1385.589966
01/12/2007,4.24,0.041,14681.501,1468.359985,0.05,0.62863,3346619,2.0161,112.449,1400.380005
01/01/2008,3.94,0.043,14651.039,1378.550049,0.05,0.64416,3398523,1.9702,107.8181,1280
01/02/2008,2.98,0.04,14651.039,1330.630005,0.049,0.64416,3398523,1.9646,107.03,1267.380005
01/03/2008,2.61,0.04,14651.039,1322.699951,0.051,0.64416,3398523,2.0015,100.7562,1282.829956
01/04/2008,2.28,0.039,14805.611,1385.589966,0.05,0.64111,3493015,1.9816,102.6777,1166.359985
01/05/2008,1.98,0.042,14805.611,1400.380005,0.054,0.64111,3493015,1.965,104.3595,968.75
01/06/2008,2,0.05,14805.611,1280,0.056,0.64111,3493015,1.9664,106.9152,896.23999
01/07/2008,2.01,0.056,14835.187,1267.380005,0.058,0.67574,3533785,1.9888,106.8518,903.25
01/08/2008,2,0.054,14835.187,1282.829956,0.061,0.67574,3533785,1.8865,109.3624,825.880005
01/09/2008,1.81,0.049,14835.187,1166.359985,0.061,0.67574,3533785,1.7973,106.5748,735.090027
01/10/2008,0.97,0.037,14559.543,968.75,0.065,0.7349,3537398,1.6862,99.9659,797.869995
01/11/2008,0.39,0.011,14559.543,896.23999,0.068,0.7349,3537398,1.5327,96.9656,872.809998
01/12/2008,0.16,0.001,14559.543,903.25,0.073,0.7349,3537398,1.4854,91.275,919.140015
01/01/2009,0.15,0,14394.547,825.880005,0.078,0.773,3625982,1.4462,90.1205,919.320007
01/02/2009,0.22,0.002,14394.547,735.090027,0.083,0.773,3625982,1.4422,92.9158,987.47998
01/03/2009,0.18,-0.004,14394.547,797.869995,0.087,0.773,3625982,1.417,97.855,1020.619995
01/04/2009,0.15,-0.007,14352.85,872.809998,0.09,0.80439,3682582,1.4712,98.92,1057.079956
01/05/2009,0.18,-0.013,14352.85,919.140015,0.094,0.80439,3682582,1.5418,96.6445,1036.189941
01/06/2009,0.21,-0.014,14352.85,919.320007,0.095,0.80439,3682582,1.6369,96.6145,1095.630005
01/07/2009,0.16,-0.021,14420.312,987.47998,0.095,0.82591,3700138,1.6378,94.367,1115.099976
01/08/2009,0.16,-0.015,14420.312,1020.619995,0.096,0.82591,3700138,1.6532,94.8971,1073.869995
01/09/2009,0.15,-0.013,14420.312,1057.079956,0.098,0.82591,3700138,1.6323,91.2748,1104.48999
01/10/2009,0.12,-0.002,14628.021,1036.189941,0.1,0.84163,3718064,1.6212,90.3671,1169.430054
01/11/2009,0.12,0.018,14628.021,1095.630005,0.099,0.84163,3718064,1.6599,89.2674,1186.689941
01/12/2009,0.12,0.027,14628.021,1115.099976,0.099,0.84163,3718064,1.6226,89.9509,1089.410034
01/01/2010,0.11,0.026,14721.35,1073.869995,0.098,0.86766,3798619,1.6158,91.1011,1030.709961
01/02/2010,0.13,0.021,14721.35,1104.48999,0.098,0.86766,3798619,1.5618,90.1395,1101.599976
01/03/2010,0.16,0.023,14721.35,1169.430054,0.099,0.86766,3798619,1.5058,90.7161,1049.329956
01/04/2010,0.2,0.022,14926.098,1186.689941,0.099,0.88448,3827899,1.5332,93.4527,1141.199951
01/05/2010,0.2,0.02,14926.098,1089.410034,0.096,0.88448,3827899,1.4669,91.973,1183.26001
01/06/2010,0.18,0.011,14926.098,1030.709961,0.094,0.88448,3827899,1.4768,90.8059,1180.550049
01/07/2010,0.18,0.012,15079.917,1101.599976,0.094,0.89932,3926356,1.5304,87.5005,1257.640015
01/08/2010,0.19,0.011,15079.917,1049.329956,0.095,0.89932,3926356,1.5661,85.3727,1286.119995
01/09/2010,0.19,0.011,15079.917,1141.199951,0.095,0.89932,3926356,1.5591,84.3571,1327.219971
01/10/2010,0.19,0.012,15240.843,1183.26001,0.094,0.92024,3961201,1.5867,81.7285,1325.829956
01/11/2010,0.19,0.011,15240.843,1180.550049,0.098,0.92024,3961201,1.5961,82.518,1363.609985
01/12/2010,0.18,0.015,15240.843,1257.640015,0.093,0.92024,3961201,1.5595,83.3376,1345.199951
01/01/2011,0.17,0.016,15285.828,1286.119995,0.091,0.93355,4022099,1.5782,82.625,1320.640015
01/02/2011,0.16,0.021,15285.828,1327.219971,0.09,0.93355,4022099,1.6124,82.5368,1292.280029
01/03/2011,0.14,0.027,15285.828,1325.829956,0.09,0.93355,4022099,1.6159,81.647,1218.890015
01/04/2011,0.1,0.032,15496.189,1363.609985,0.091,0.92559,4069336,1.6379,83.1771,1131.420044
01/05/2011,0.09,0.036,15496.189,1345.199951,0.09,0.92559,4069336,1.6332,81.1257,1253.300049
01/06/2011,0.09,0.036,15496.189,1320.640015,0.091,0.92559,4069336,1.6219,80.4259,1246.959961
01/07/2011,0.07,0.036,15591.85,1292.280029,0.09,0.94859,4132843,1.6158,79.2425,1257.599976
01/08/2011,0.1,0.038,15591.85,1218.890015,0.09,0.94859,4132843,1.6356,76.9657,1312.410034
01/09/2011,0.08,0.039,15591.85,1131.420044,0.09,0.94859,4132843,1.5771,76.7957,1365.680054
01/10/2011,0.07,0.035,15796.46,1253.300049,0.088,0.96369,4163313,1.5768,76.643,1408.469971
01/11/2011,0.08,0.034,15796.46,1246.959961,0.086,0.96369,4163313,1.5806,77.5595,1397.910034
01/12/2011,0.07,0.03,15796.46,1257.599976,0.085,0.96369,4163313,1.5587,77.7967,1310.329956
01/01/2012,0.08,0.029,16019.758,1312.410034,0.083,0.9742,4262310,1.5524,76.964,1362.160034
01/02/2012,0.1,0.029,16019.758,1365.680054,0.083,0.9742,4262310,1.5804,78.47,1379.319946
01/03/2012,0.13,0.027,16019.758,1408.469971,0.082,0.9742,4262310,1.5824,82.4659,1406.579956
01/04/2012,0.14,0.023,16152.257,1397.910034,0.082,0.9816,4328452,1.6,81.2524,1440.670044
01/05/2012,0.16,0.017,16152.257,1310.329956,0.082,0.9816,4328452,1.5924,79.6668,1412.160034
01/06/2012,0.16,0.017,16152.257,1362.160034,0.082,0.9816,4328452,1.5556,79.3152,1416.180054
01/07/2012,0.16,0.014,16257.151,1379.319946,0.082,0.98826,4430019,1.5593,78.9348,1426.189941
01/08/2012,0.13,0.017,16257.151,1406.579956,0.081,0.98826,4430019,1.5722,78.6909,1498.109985
01/09/2012,0.14,0.02,16257.151,1440.670044,0.078,0.98826,4430019,1.6126,78.1353,1514.680054
01/10/2012,0.16,0.022,16358.863,1412.160034,0.078,1.00452,4515084,1.608,79.0132,1569.189941
01/11/2012,0.16,0.018,16358.863,1416.180054,0.077,1.00452,4515084,1.5968,81.0305,1597.569946
01/12/2012,0.16,0.017,16358.863,1426.189941,0.079,1.00452,4515084,1.6145,83.7905,1630.73999
01/01/2013,0.14,0.016,16569.591,1498.109985,0.08,1.01218,4605428,1.5965,89.0581,1606.280029
01/02/2013,0.15,0.02,16569.591,1514.680054,0.077,1.01218,4605428,1.5474,93.0016,1685.72998
01/03/2013,0.14,0.015,16569.591,1569.189941,0.075,1.01218,4605428,1.508,94.77,1632.969971
01/04/2013,0.15,0.011,16637.926,1597.569946,0.076,1.00603,4660208,1.5311,97.7582,1681.550049
01/05/2013,0.11,0.014,16637.926,1630.73999,0.075,1.00603,4660208,1.5297,100.9186,1756.540039
01/06/2013,0.09,0.018,16637.926,1606.280029,0.075,1.00603,4660208,1.5493,97.235,1805.810059
01/07/2013,0.09,0.02,16848.748,1685.72998,0.073,0.99344,4788915,1.5179,99.6727,1848.359985
01/08/2013,0.08,0.015,16848.748,1632.969971,0.072,0.99344,4788915,1.5505,97.8123,1782.589966
01/09/2013,0.08,0.012,16848.748,1681.550049,0.072,0.99344,4788915,1.5885,99.21,1859.449951
01/10/2013,0.09,0.01,17083.137,1756.540039,0.072,1.00427,4811336,1.6098,97.77,1872.339966
01/11/2013,0.08,0.012,17083.137,1805.810059,0.069,1.00427,4811336,1.61,100.0737,1883.949951
01/12/2013,0.09,0.015,17083.137,1848.359985,0.067,1.00427,4811336,1.6383,103.46,1923.569946
01/01/2014,0.07,0.016,17104.555,1782.589966,0.066,1.02904,4919591,1.647,103.7614,1960.22998
01/02/2014,0.07,0.011,17104.555,1859.449951,0.067,1.02904,4919591,1.6558,102.1253,1930.670044
01/03/2014,0.08,0.015,17104.555,1872.339966,0.067,1.02904,4919591,1.6624,102.3395,2003.369995
01/04/2014,0.09,0.02,17432.909,1883.949951,0.062,1.01146,4990885,1.6748,102.4582,1972.290039
01/05/2014,0.09,0.021,17432.909,1923.569946,0.063,1.01146,4990885,1.6842,101.7738,2018.050049
01/06/2014,0.1,0.021,17432.909,1960.22998,0.061,1.01146,4990885,1.6908,102.0629,2067.560059
01/07/2014,0.09,0.02,17721.657,1930.670044,0.062,1.00578,5060643,1.7066,101.74,2058.899902
01/08/2014,0.09,0.017,17721.657,2003.369995,0.061,1.00578,5060643,1.67,102.9438,1994.98999
01/09/2014,0.09,0.017,17721.657,1972.290039,0.059,1.00578,5060643,1.629,107.4257,2104.5
01/10/2014,0.09,0.017,17849.912,2018.050049,0.057,1.01633,5137882,1.6074,108.0264,2067.889893
01/11/2014,0.09,0.013,17849.912,2067.560059,0.058,1.01633,5137882,1.5771,116.2994,2085.51001
01/12/2014,0.12,0.008,17849.912,2058.899902,0.056,1.01633,5137882,1.5644,119.3233,2107.389893
01/01/2015,0.11,-0.001,17984.178,1994.98999,0.057,1.00933,5261272,1.5142,118.25,2063.110107
01/02/2015,0.11,0,17984.178,2104.5,0.055,1.00933,5261272,1.5329,118.76,2103.840088
01/03/2015,0.11,-0.001,17984.178,2067.889893,0.054,1.00933,5261272,1.4958,120.3945,1972.180054
01/04/2015,0.12,-0.002,18219.405,2085.51001,0.054,0.9963,5417307,1.4968,119.5095,1920.030029
01/05/2015,0.12,0,18219.405,2107.389893,0.056,0.9963,5417307,1.5456,120.798,2079.360107
01/06/2015,0.13,0.001,18219.405,2063.110107,0.053,0.9963,5417307,1.5576,123.7186,2080.409912
01/07/2015,0.13,0.002,18344.713,2103.840088,0.052,0.98942,5522981,1.556,123.3109,2043.939941
01/08/2015,0.14,0.002,18344.713,1972.180054,0.051,0.98942,5522981,1.5578,123.0038,1940.23999
01/09/2015,0.14,0,18344.713,1920.030029,0.05,0.98942,5522981,1.5338,120.1476,1932.22998
01/10/2015,0.12,0.002,18350.825,2079.360107,0.05,1.03114,5551291,1.5343,120.0481,2059.73999
01/11/2015,0.12,0.005,18350.825,2080.409912,0.051,1.03114,5551291,1.5194,122.6432,2065.300049
01/12/2015,0.24,0.007,18350.825,2043.939941,0.05,1.03114,5551291,1.4981,121.635,2096.949951
01/01/2016,0.34,0.014,18424.283,1940.23999,0.049,1.04563,5691314,1.4392,118.2258,2098.860107
01/02/2016,0.38,0.01,18424.283,1932.22998,0.049,1.04563,5691314,1.429,114.6155,2173.600098
01/03/2016,0.36,0.009,18424.283,2059.73999,0.05,1.04563,5691314,1.4249,112.9317,2170.949951
01/04/2016,0.37,0.011,18637.253,2065.300049,0.05,1.03994,5779196,1.4319,109.5519,2168.27002
01/05/2016,0.37,0.01,18637.253,2096.949951,0.048,1.03994,5779196,1.4524,108.8481,2126.149902
01/06/2016,0.38,0.01,18637.253,2098.860107,0.049,1.03994,5779196,1.4197,105.3509,2198.810059
01/07/2016,0.39,0.008,18806.743,2173.600098,0.048,1.04077,5848134,1.3134,104.191,2238.830078
01/08/2016,0.4,0.011,18806.743,2170.949951,0.049,1.04077,5848134,1.3101,101.2383,2278.870117
01/09/2016,0.4,0.015,18806.743,2168.27002,0.05,1.04077,5848134,1.314,101.7843,2363.639893
01/10/2016,0.4,0.016,18991.883,2126.149902,0.049,1.05186,5838194,1.233,103.9075,2362.719971
01/11/2016,0.41,0.017,18991.883,2198.810059,0.047,1.05186,5838194,1.2432,108.443,2384.199951
01/12/2016,0.54,0.021,18991.883,2238.830078,0.047,1.05186,5838194,1.2483,115.9981,2411.800049
01/01/2017,0.65,0.025,19190.431,2278.870117,0.047,1.03418,5967398,1.2367,114.8721,2423.409912
01/02/2017,0.66,0.027,19190.431,2363.639893,0.046,1.03418,5967398,1.2495,112.9116,2470.300049
01/03/2017,0.79,0.024,19190.431,2362.719971,0.044,1.03418,5967398,1.2347,112.9165,2471.649902
01/04/2017,0.9,0.022,19356.649,2384.199951,0.044,1.02521,6033499,1.2639,110.091,2519.360107
01/05/2017,0.91,0.019,19356.649,2411.800049,0.044,1.02521,6033499,1.2929,112.2436,2575.26001
01/06/2017,1.04,0.016,19356.649,2423.409912,0.043,1.02521,6033499,1.281,110.9141,2584.840088
01/07/2017,1.15,0.017,19611.704,2470.300049,0.043,1.03229,6123001,1.2996,112.417,2673.610107
01/08/2017,1.16,0.019,19611.704,2471.649902,0.044,1.03229,6123001,1.2952,109.827,2823.810059
01/09/2017,1.15,0.022,19611.704,2519.360107,0.042,1.03229,6123001,1.334,110.776,2713.830078
01/10/2017,1.15,0.02,19918.91,2575.26001,0.041,1.02881,6158712,1.3202,112.9148,2640.870117
01/11/2017,1.16,0.022,19918.91,2584.840088,0.042,1.02881,6158712,1.3217,112.819,2648.050049
01/12/2017,1.3,0.021,19918.91,2673.610107,0.041,1.02881,6158712,1.3404,112.9405,2705.27002
01/01/2018,1.41,0.021,20163.159,2823.810059,0.041,1.04595,6249618,1.3824,110.871,2718.370117
01/02/2018,1.42,0.022,20163.159,2713.830078,0.041,1.04595,6249618,1.3961,107.97,2816.290039
01/03/2018,1.51,0.024,20163.159,2640.870117,0.04,1.04595,6249618,1.3976,106.0468,2901.52002
01/04/2018,1.69,0.025,20510.177,2648.050049,0.04,1.03339,6257967,1.4079,107.6562,2913.97998
01/05/2018,1.7,0.028,20510.177,2705.27002,0.038,1.03339,6257967,1.347,109.6882,2711.73999
01/06/2018,1.82,0.029,20510.177,2718.370117,0.04,1.03339,6257967,1.3294,110.0638,2760.169922
01/07/2018,1.91,0.029,20749.752,2816.290039,0.038,1.03693,6291852,1.3162,111.521,2506.850098
01/08/2018,1.91,0.027,20749.752,2901.52002,0.038,1.03693,6291852,1.2878,110.9965,2704.100098
01/09/2018,1.95,0.023,20749.752,2913.97998,0.037,1.03693,6291852,1.3066,112.0974,2784.48999
01/10/2018,2.19,0.025,20897.804,2711.73999,0.038,1.0515,6298820,1.3012,112.7218,2834.399902
01/11/2018,2.2,0.022,20897.804,2760.169922,0.037,1.0515,6298820,1.29,113.338,2945.830078
01/12/2018,2.27,0.019,20897.804,2506.850098,0.039,1.0515,6298820,1.2664,112.1994,2752.060059
01/01/2019,2.4,0.016,21098.827,2704.100098,0.04,1.04403,6437929,1.2901,108.9605,2941.76001
01/02/2019,2.4,0.015,21098.827,2784.48999,0.038,1.04403,6437929,1.3016,110.44,2980.379883
01/03/2019,2.41,0.019,21098.827,2834.399902,0.038,1.04403,6437929,1.3167,111.1443,2926.459961
01/04/2019,2.42,0.02,21340.267,2945.830078,0.036,1.03201,6513808,1.3029,111.6414,2976.73999
01/05/2019,2.39,0.018,21340.267,2752.060059,0.036,1.03201,6513808,1.2855,109.9714,3037.560059
01/06/2019,2.38,0.016,21340.267,2941.76001,0.037,1.03201,6513808,1.2675,108.0685,3140.97998
01/07/2019,2.4,0.018,21542.54,2980.379883,0.037,1.05463,6588777,1.2461,108.2864,3230.780029
01/08/2019,2.13,0.017,21542.54,2926.459961,0.037,1.05463,6588777,1.216,106.1886,3225.52002
01/09/2019,2.04,0.017,21542.54,2976.73999,0.035,1.05463,6588777,1.2369,107.54,2954.219971
01/10/2019,1.83,0.018,21729.124,3037.560059,0.036,1.06776,6557578,1.2657,108.1368,2584.590088
01/11/2019,1.55,0.021,21729.124,3140.97998,0.035,1.06776,6557578,1.2884,108.8579,2912.429932
01/12/2019,1.55,0.023,21729.124,3230.780029,0.035,1.06776,6557578,1.3109,109.101,3044.310059
,,,21539.689,,,,,,,
,,,21539.689,,,,,,,
,,,21539.689,,,,,,,